-- USERS
INSERT INTO users (cf, name, email, password_hash, role)
VALUES
('RSSMRA80A01H501U','Mario Rossi','mario@email.it','$2b$10$.G2pf5.vKUQpnFzX0KhQ7O5kviBGUn6SfNf8qrXgF0qq1NYBw1v7a','admin'),
('VRDLGI85B15F205X','Luigi Verdi','luigi@email.it','$2b$10$xqbKlHCs/oNRZWMudXMEBuQgNqC.s2TquXnlylBTXg2d53zfaN9W2','operator'),
('BNCMRA90C20D612Y','Maria Bianchi','maria@email.it','$2b$10$xqbKlHCs/oNRZWMudXMEBuQgNqC.s2TquXnlylBTXg2d53zfaN9W2','user'),
('NRAGPP88F10A944L','Giuseppe Neri','giuseppe@email.it','$2b$10$xqbKlHCs/oNRZWMudXMEBuQgNqC.s2TquXnlylBTXg2d53zfaN9W2','user'),
('FRRNNA91D55H501P','Anna Ferrari','anna@email.it','$2b$10$xqbKlHCs/oNRZWMudXMEBuQgNqC.s2TquXnlylBTXg2d53zfaN9W2','user'),
('BLLMRC95G18H501A','Marco Belli','marco@email.it','$2b$10$xqbKlHCs/oNRZWMudXMEBuQgNqC.s2TquXnlylBTXg2d53zfaN9W2','user'),
('ADMINA70E01F205K','Admin','admin@email.it','$2b$10$xqbKlHCs/oNRZWMudXMEBuQgNqC.s2TquXnlylBTXg2d53zfaN9W2','admin'),
('RSSLRA82A01H501A','Lara Rossi','lara@email.it','$2b$10$xqbKlHCs/oNRZWMudXMEBuQgNqC.s2TquXnlylBTXg2d53zfaN9W2','user'),
('BNCLCU81B10F205B','Luca Bianchi','luca@email.it','$2b$10$xqbKlHCs/oNRZWMudXMEBuQgNqC.s2TquXnlylBTXg2d53zfaN9W2','user'),
('VRDGNN87C20H501C','Giovanni Verdi','giovanni@email.it','$2b$10$xqbKlHCs/oNRZWMudXMEBuQgNqC.s2TquXnlylBTXg2d53zfaN9W2','user'),
('NRAMRC90D15A944D','Marco Neri','marcon@email.it','$2b$10$xqbKlHCs/oNRZWMudXMEBuQgNqC.s2TquXnlylBTXg2d53zfaN9W2','user'),
('FRRLRA93E18H501E','Laura Ferrari','laura@email.it','$2b$10$xqbKlHCs/oNRZWMudXMEBuQgNqC.s2TquXnlylBTXg2d53zfaN9W2','user'),
('BLLGLI95F25H501F','Giulia Belli','giulia@email.it','$2b$10$xqbKlHCs/oNRZWMudXMEBuQgNqC.s2TquXnlylBTXg2d53zfaN9W2','user'),
('CNTMRA84G10F205G','Maria Conti','conti@email.it','$2b$10$xqbKlHCs/oNRZWMudXMEBuQgNqC.s2TquXnlylBTXg2d53zfaN9W2','user'),
('FRRSMN83H12H501H','Simone Ferri','simone@email.it','$2b$10$xqbKlHCs/oNRZWMudXMEBuQgNqC.s2TquXnlylBTXg2d53zfaN9W2','user'),
('RSSLNZ89L01F205I','Lorenzo Rossi','lorenzo@email.it','$2b$10$xqbKlHCs/oNRZWMudXMEBuQgNqC.s2TquXnlylBTXg2d53zfaN9W2','user'),
('DLLFNC86M14A944J','Francesca Della','francesca@email.it','$2b$10$xqbKlHCs/oNRZWMudXMEBuQgNqC.s2TquXnlylBTXg2d53zfaN9W2','user'),
('PRSGPP85N17F205K','Giuseppe Parisi','parisi@email.it','$2b$10$xqbKlHCs/oNRZWMudXMEBuQgNqC.s2TquXnlylBTXg2d53zfaN9W2','user'),
('GRNLSA91P20H501L','Lisa Grandi','lisa@email.it','$2b$10$xqbKlHCs/oNRZWMudXMEBuQgNqC.s2TquXnlylBTXg2d53zfaN9W2','user'),
('USR01CFTEST01','User1','user1@mail.it','$2b$10$xqbKlHCs/oNRZWMudXMEBuQgNqC.s2TquXnlylBTXg2d53zfaN9W2','user'),
('USR02CFTEST02','User2','user2@mail.it','$2b$10$xqbKlHCs/oNRZWMudXMEBuQgNqC.s2TquXnlylBTXg2d53zfaN9W2','user'),
('USR03CFTEST03','User3','user3@mail.it','$2b$10$xqbKlHCs/oNRZWMudXMEBuQgNqC.s2TquXnlylBTXg2d53zfaN9W2','user'),
('USR04CFTEST04','User4','user4@mail.it','$2b$10$xqbKlHCs/oNRZWMudXMEBuQgNqC.s2TquXnlylBTXg2d53zfaN9W2','user'),
('USR05CFTEST05','User5','user5@mail.it','$2b$10$xqbKlHCs/oNRZWMudXMEBuQgNqC.s2TquXnlylBTXg2d53zfaN9W2','user'),
('USR06CFTEST06','User6','user6@mail.it','$2b$10$xqbKlHCs/oNRZWMudXMEBuQgNqC.s2TquXnlylBTXg2d53zfaN9W2','user'),
('USR07CFTEST07','User7','user7@mail.it','$2b$10$xqbKlHCs/oNRZWMudXMEBuQgNqC.s2TquXnlylBTXg2d53zfaN9W2','user'),
('USR08CFTEST08','User8','user8@mail.it','$2b$10$xqbKlHCs/oNRZWMudXMEBuQgNqC.s2TquXnlylBTXg2d53zfaN9W2','user'),
('USR09CFTEST09','User9','user9@mail.it','$2b$10$xqbKlHCs/oNRZWMudXMEBuQgNqC.s2TquXnlylBTXg2d53zfaN9W2','user'),
('USR10CFTEST10','User10','user10@mail.it','$2b$10$xqbKlHCs/oNRZWMudXMEBuQgNqC.s2TquXnlylBTXg2d53zfaN9W2','user'),
('USR11CFTEST11','User11','user11@mail.it','$2b$10$xqbKlHCs/oNRZWMudXMEBuQgNqC.s2TquXnlylBTXg2d53zfaN9W2','user'),
('USR12CFTEST12','User12','user12@mail.it','$2b$10$xqbKlHCs/oNRZWMudXMEBuQgNqC.s2TquXnlylBTXg2d53zfaN9W2','user'),
('USR13CFTEST13','User13','user13@mail.it','$2b$10$xqbKlHCs/oNRZWMudXMEBuQgNqC.s2TquXnlylBTXg2d53zfaN9W2','user'),
('USR14CFTEST14','User14','user14@mail.it','$2b$10$xqbKlHCs/oNRZWMudXMEBuQgNqC.s2TquXnlylBTXg2d53zfaN9W2','user'),
('USR15CFTEST15','User15','user15@mail.it','$2b$10$xqbKlHCs/oNRZWMudXMEBuQgNqC.s2TquXnlylBTXg2d53zfaN9W2','user'),
('USR16CFTEST16','User16','user16@mail.it','$2b$10$xqbKlHCs/oNRZWMudXMEBuQgNqC.s2TquXnlylBTXg2d53zfaN9W2','user'),
('USR17CFTEST17','User17','user17@mail.it','$2b$10$xqbKlHCs/oNRZWMudXMEBuQgNqC.s2TquXnlylBTXg2d53zfaN9W2','user'),
('USR18CFTEST18','User18','user18@mail.it','$2b$10$xqbKlHCs/oNRZWMudXMEBuQgNqC.s2TquXnlylBTXg2d53zfaN9W2','user');

-- password123 mario rossi


-- VACCINI
INSERT INTO vaccini (nome, durata_copertura)
VALUES
('Pfizer', 180),
('Moderna', 365),
('AstraZeneca', 365),
('Antinfluenzale', 180);

-- LOTTI
INSERT INTO lotti_vaccino (
  vaccino_id,
  codice_lotto,
  quantita_disponibile,
  data_consegna,
  data_scadenza
)
VALUES
(1,'PFZ001',300,'2022-01-05','2023-01-05'),
(1,'PFZ002',450,'2023-01-10','2024-01-10'),
(1,'PFZ003',500,'2024-01-10','2025-01-10'),

(2,'MOD001',600,'2022-02-01','2023-02-01'),
(2,'MOD002',400,'2023-02-01','2024-02-01'),
(2,'MOD003',700,'2024-02-01','2025-02-01'),

(3,'AZ001',250,'2022-03-01','2023-03-01'),
(3,'AZ002',300,'2023-03-01','2024-03-01'),
(3,'AZ003',350,'2024-03-01','2025-03-01'),

(4,'FLU001',900,'2022-09-01','2023-03-01'),
(4,'FLU002',1100,'2023-09-01','2024-03-01'),
(4,'FLU003',1000,'2024-09-01','2025-03-01'),

(1,'PFZ004',650,'2025-01-15','2026-01-15'),
(1,'PFZ005',800,'2026-01-10','2027-01-10'),

(2,'MOD004',750,'2025-02-01','2026-02-01'),
(2,'MOD005',950,'2026-02-01','2027-02-01'),

(3,'AZ004',400,'2025-03-01','2026-03-01'),
(3,'AZ005',550,'2026-03-01','2027-03-01'),

(4,'FLU004',1200,'2025-09-01','2026-03-01'),
(4,'FLU005',1500,'2026-09-01','2027-03-01'),

(1,'PFZ2022',220,'2022-01-10','2023-01-10'),
(1,'PFZ2023',240,'2023-01-10','2024-01-10'),
(1,'PFZ2024',260,'2024-01-10','2025-01-10'),
(1,'PFZ2025',280,'2025-01-10','2026-01-10'),
(1,'PFZ2026',300,'2026-01-10','2027-01-10'),
(2,'MOD2022',320,'2022-01-10','2023-01-10'),
(2,'MOD2023',340,'2023-01-10','2024-01-10'),
(2,'MOD2024',360,'2024-01-10','2025-01-10'),
(2,'MOD2025',380,'2025-01-10','2026-01-10'),
(2,'MOD2026',400,'2026-01-10','2027-01-10'),
(3,'AZ2022',420,'2022-01-10','2023-01-10'),
(3,'AZ2023',440,'2023-01-10','2024-01-10'),
(3,'AZ2024',460,'2024-01-10','2025-01-10'),
(3,'AZ2025',480,'2025-01-10','2026-01-10'),
(3,'AZ2026',500,'2026-01-10','2027-01-10'),
(4,'FLU2022',520,'2022-01-10','2023-01-10'),
(4,'FLU2023',540,'2023-01-10','2024-01-10'),
(4,'FLU2024',560,'2024-01-10','2025-01-10'),
(4,'FLU2025',580,'2025-01-10','2026-01-10'),
(4,'FLU2026',600,'2026-01-10','2027-01-10');

-- VACCINAZIONI
INSERT INTO vaccinazioni (
  user_cf,
  vaccino_id,
  lotto_id,
  data_vaccinazione
)
VALUES

('USR02CFTEST02',1,1,'2022-01-05'),
('USR03CFTEST03',1,1,'2022-01-08'),
('USR04CFTEST04',1,1,'2022-01-11'),
('USR03CFTEST03',2,6,'2022-02-05'),
('USR04CFTEST04',2,6,'2022-02-08'),
('USR05CFTEST05',2,6,'2022-02-11'),
('USR06CFTEST06',2,6,'2022-02-14'),
('USR04CFTEST04',3,11,'2022-03-05'),
('USR05CFTEST05',3,11,'2022-03-08'),
('USR06CFTEST06',3,11,'2022-03-11'),
('USR07CFTEST07',3,11,'2022-03-14'),
('USR08CFTEST08',3,11,'2022-03-17'),
('USR05CFTEST05',4,16,'2022-04-05'),
('USR06CFTEST06',4,16,'2022-04-08'),
('USR06CFTEST06',1,1,'2022-05-05'),
('USR07CFTEST07',1,1,'2022-05-08'),
('USR08CFTEST08',1,1,'2022-05-11'),
('USR07CFTEST07',2,6,'2022-06-05'),
('USR08CFTEST08',2,6,'2022-06-08'),
('USR09CFTEST09',2,6,'2022-06-11'),
('USR10CFTEST10',2,6,'2022-06-14'),
('USR08CFTEST08',3,11,'2022-07-05'),
('USR09CFTEST09',3,11,'2022-07-08'),
('USR10CFTEST10',3,11,'2022-07-11'),
('USR11CFTEST11',3,11,'2022-07-14'),
('USR12CFTEST12',3,11,'2022-07-17'),
('USR09CFTEST09',4,16,'2022-08-05'),
('USR10CFTEST10',4,16,'2022-08-08'),
('USR10CFTEST10',1,1,'2022-09-05'),
('USR11CFTEST11',1,1,'2022-09-08'),
('USR12CFTEST12',1,1,'2022-09-11'),
('USR11CFTEST11',2,6,'2022-10-05'),
('USR12CFTEST12',2,6,'2022-10-08'),
('USR13CFTEST13',2,6,'2022-10-11'),
('USR14CFTEST14',2,6,'2022-10-14'),
('USR12CFTEST12',3,11,'2022-11-05'),
('USR13CFTEST13',3,11,'2022-11-08'),
('USR14CFTEST14',3,11,'2022-11-11'),
('USR15CFTEST15',3,11,'2022-11-14'),
('USR16CFTEST16',3,11,'2022-11-17'),
('USR13CFTEST13',4,16,'2022-12-05'),
('USR14CFTEST14',4,16,'2022-12-08'),
('USR03CFTEST03',1,2,'2023-01-05'),
('USR04CFTEST04',1,2,'2023-01-08'),
('USR05CFTEST05',1,2,'2023-01-11'),
('USR04CFTEST04',2,7,'2023-02-05'),
('USR05CFTEST05',2,7,'2023-02-08'),
('USR06CFTEST06',2,7,'2023-02-11'),
('USR07CFTEST07',2,7,'2023-02-14'),
('USR05CFTEST05',3,12,'2023-03-05'),
('USR06CFTEST06',3,12,'2023-03-08'),
('USR07CFTEST07',3,12,'2023-03-11'),
('USR08CFTEST08',3,12,'2023-03-14'),
('USR09CFTEST09',3,12,'2023-03-17'),
('USR06CFTEST06',4,17,'2023-04-05'),
('USR07CFTEST07',4,17,'2023-04-08'),
('USR07CFTEST07',1,2,'2023-05-05'),
('USR08CFTEST08',1,2,'2023-05-08'),
('USR09CFTEST09',1,2,'2023-05-11'),
('USR08CFTEST08',2,7,'2023-06-05'),
('USR09CFTEST09',2,7,'2023-06-08'),
('USR10CFTEST10',2,7,'2023-06-11'),
('USR11CFTEST11',2,7,'2023-06-14'),
('USR09CFTEST09',3,12,'2023-07-05'),
('USR10CFTEST10',3,12,'2023-07-08'),
('USR11CFTEST11',3,12,'2023-07-11'),
('USR12CFTEST12',3,12,'2023-07-14'),
('USR13CFTEST13',3,12,'2023-07-17'),
('USR10CFTEST10',4,17,'2023-08-05'),
('USR11CFTEST11',4,17,'2023-08-08'),
('USR11CFTEST11',1,2,'2023-09-05'),
('USR12CFTEST12',1,2,'2023-09-08'),
('USR13CFTEST13',1,2,'2023-09-11'),
('USR12CFTEST12',2,7,'2023-10-05'),
('USR13CFTEST13',2,7,'2023-10-08'),
('USR14CFTEST14',2,7,'2023-10-11'),
('USR15CFTEST15',2,7,'2023-10-14'),
('USR13CFTEST13',3,12,'2023-11-05'),
('USR14CFTEST14',3,12,'2023-11-08'),
('USR15CFTEST15',3,12,'2023-11-11'),
('USR16CFTEST16',3,12,'2023-11-14'),
('USR17CFTEST17',3,12,'2023-11-17'),
('USR14CFTEST14',4,17,'2023-12-05'),
('USR15CFTEST15',4,17,'2023-12-08'),
('USR04CFTEST04',1,3,'2024-01-05'),
('USR05CFTEST05',1,3,'2024-01-08'),
('USR06CFTEST06',1,3,'2024-01-11'),
('USR05CFTEST05',2,8,'2024-02-05'),
('USR06CFTEST06',2,8,'2024-02-08'),
('USR07CFTEST07',2,8,'2024-02-11'),
('USR08CFTEST08',2,8,'2024-02-14'),
('USR06CFTEST06',3,13,'2024-03-05'),
('USR07CFTEST07',3,13,'2024-03-08'),
('USR08CFTEST08',3,13,'2024-03-11'),
('USR09CFTEST09',3,13,'2024-03-14'),
('USR10CFTEST10',3,13,'2024-03-17'),
('USR07CFTEST07',4,18,'2024-04-05'),
('USR08CFTEST08',4,18,'2024-04-08'),
('USR08CFTEST08',1,3,'2024-05-05'),
('USR09CFTEST09',1,3,'2024-05-08'),
('USR10CFTEST10',1,3,'2024-05-11'),
('USR09CFTEST09',2,8,'2024-06-05'),
('USR10CFTEST10',2,8,'2024-06-08'),
('USR11CFTEST11',2,8,'2024-06-11'),
('USR12CFTEST12',2,8,'2024-06-14'),
('USR10CFTEST10',3,13,'2024-07-05'),
('USR11CFTEST11',3,13,'2024-07-08'),
('USR12CFTEST12',3,13,'2024-07-11'),
('USR13CFTEST13',3,13,'2024-07-14'),
('USR14CFTEST14',3,13,'2024-07-17'),
('USR11CFTEST11',4,18,'2024-08-05'),
('USR12CFTEST12',4,18,'2024-08-08'),
('USR12CFTEST12',1,3,'2024-09-05'),
('USR13CFTEST13',1,3,'2024-09-08'),
('USR14CFTEST14',1,3,'2024-09-11'),
('USR13CFTEST13',2,8,'2024-10-05'),
('USR14CFTEST14',2,8,'2024-10-08'),
('USR15CFTEST15',2,8,'2024-10-11'),
('USR16CFTEST16',2,8,'2024-10-14'),
('USR14CFTEST14',3,13,'2024-11-05'),
('USR15CFTEST15',3,13,'2024-11-08'),
('USR16CFTEST16',3,13,'2024-11-11'),
('USR17CFTEST17',3,13,'2024-11-14'),
('USR18CFTEST18',3,13,'2024-11-17'),
('USR15CFTEST15',4,18,'2024-12-05'),
('USR16CFTEST16',4,18,'2024-12-08'),
('USR05CFTEST05',1,4,'2025-01-05'),
('USR06CFTEST06',1,4,'2025-01-08'),
('USR07CFTEST07',1,4,'2025-01-11'),
('USR06CFTEST06',2,9,'2025-02-05'),
('USR07CFTEST07',2,9,'2025-02-08'),
('USR08CFTEST08',2,9,'2025-02-11'),
('USR09CFTEST09',2,9,'2025-02-14'),
('USR07CFTEST07',3,14,'2025-03-05'),
('USR08CFTEST08',3,14,'2025-03-08'),
('USR09CFTEST09',3,14,'2025-03-11'),
('USR10CFTEST10',3,14,'2025-03-14'),
('USR11CFTEST11',3,14,'2025-03-17'),
('USR08CFTEST08',4,19,'2025-04-05'),
('USR09CFTEST09',4,19,'2025-04-08'),
('USR09CFTEST09',1,4,'2025-05-05'),
('USR10CFTEST10',1,4,'2025-05-08'),
('USR11CFTEST11',1,4,'2025-05-11'),
('USR10CFTEST10',2,9,'2025-06-05'),
('USR11CFTEST11',2,9,'2025-06-08'),
('USR12CFTEST12',2,9,'2025-06-11'),
('USR13CFTEST13',2,9,'2025-06-14'),
('USR11CFTEST11',3,14,'2025-07-05'),
('USR12CFTEST12',3,14,'2025-07-08'),
('USR13CFTEST13',3,14,'2025-07-11'),
('USR14CFTEST14',3,14,'2025-07-14'),
('USR15CFTEST15',3,14,'2025-07-17'),
('USR12CFTEST12',4,19,'2025-08-05'),
('USR13CFTEST13',4,19,'2025-08-08'),
('USR13CFTEST13',1,4,'2025-09-05'),
('USR14CFTEST14',1,4,'2025-09-08'),
('USR15CFTEST15',1,4,'2025-09-11'),
('USR14CFTEST14',2,9,'2025-10-05'),
('USR15CFTEST15',2,9,'2025-10-08'),
('USR16CFTEST16',2,9,'2025-10-11'),
('USR17CFTEST17',2,9,'2025-10-14'),
('USR15CFTEST15',3,14,'2025-11-05'),
('USR16CFTEST16',3,14,'2025-11-08'),
('USR17CFTEST17',3,14,'2025-11-11'),
('USR18CFTEST18',3,14,'2025-11-14'),
('RSSMRA80A01H501U',3,14,'2025-11-17'),
('USR16CFTEST16',4,19,'2025-12-05'),
('USR17CFTEST17',4,19,'2025-12-08'),
('USR06CFTEST06',1,5,'2026-01-05'),
('USR07CFTEST07',1,5,'2026-01-08'),
('USR08CFTEST08',1,5,'2026-01-11'),
('USR07CFTEST07',2,10,'2026-02-05'),
('USR08CFTEST08',2,10,'2026-02-08'),
('USR09CFTEST09',2,10,'2026-02-11'),
('USR10CFTEST10',2,10,'2026-02-14'),
('USR08CFTEST08',3,15,'2026-03-05'),
('USR09CFTEST09',3,15,'2026-03-08'),
('USR10CFTEST10',3,15,'2026-03-11'),
('USR11CFTEST11',3,15,'2026-03-14'),
('USR12CFTEST12',3,15,'2026-03-17'),
('USR09CFTEST09',4,20,'2026-04-05'),
('USR10CFTEST10',4,20,'2026-04-08'),
('USR10CFTEST10',1,5,'2026-05-05'),
('USR11CFTEST11',1,5,'2026-05-08'),
('USR12CFTEST12',1,5,'2026-05-11'),
('USR11CFTEST11',2,10,'2026-06-05'),
('USR12CFTEST12',2,10,'2026-06-08'),
('USR13CFTEST13',2,10,'2026-06-11'),
('USR14CFTEST14',2,10,'2026-06-14'),
('USR12CFTEST12',3,15,'2026-07-05'),
('USR13CFTEST13',3,15,'2026-07-08'),
('USR14CFTEST14',3,15,'2026-07-11'),
('USR15CFTEST15',3,15,'2026-07-14'),
('USR16CFTEST16',3,15,'2026-07-17'),
('USR13CFTEST13',4,20,'2026-08-05'),
('USR14CFTEST14',4,20,'2026-08-08'),
('USR14CFTEST14',1,5,'2026-09-05'),
('USR15CFTEST15',1,5,'2026-09-08'),
('USR16CFTEST16',1,5,'2026-09-11'),
('USR15CFTEST15',2,10,'2026-10-05'),
('USR16CFTEST16',2,10,'2026-10-08'),
('USR17CFTEST17',2,10,'2026-10-11'),
('USR18CFTEST18',2,10,'2026-10-14'),
('USR16CFTEST16',3,15,'2026-11-05'),
('USR17CFTEST17',3,15,'2026-11-08'),
('USR18CFTEST18',3,15,'2026-11-11'),
('RSSMRA80A01H501U',3,15,'2026-11-14'),
('ADMINA70E01F205K',3,15,'2026-11-17'),
('USR17CFTEST17',4,20,'2026-12-05'),

-- GENNAIO

('VRDLGI85B15F205X',1,1,'2022-01-15'),
('BNCMRA90C20D612Y',1,1,'2022-01-20'),

('VRDLGI85B15F205X',1,2,'2023-01-12'),
('BNCMRA90C20D612Y',1,2,'2023-01-18'),
('RSSMRA80A01H501U',1,2,'2023-01-28'),

('VRDLGI85B15F205X',1,3,'2024-01-11'),
('BNCMRA90C20D612Y',1,3,'2024-01-18'),
('RSSMRA80A01H501U',1,3,'2024-01-23'),
('FRRNNA91D55H501P',1,3,'2024-01-29'),
('RSSLRA82A01H501A',1,13,'2025-01-08'),
('BNCLCU81B10F205B',1,13,'2025-01-10'),
('VRDGNN87C20H501C',1,13,'2025-01-13'),
('NRAMRC90D15A944D',1,13,'2025-01-20'),
('FRRLRA93E18H501E',1,13,'2025-01-27'),

-- FEBBRAIO

('BLLMRC95G18H501A',1,3,'2024-02-10'),
('FRRNNA91D55H501P',1,3,'2023-02-15'),
('RSSLRA82A01H501A',1,14,'2026-02-01'),
('BNCLCU81B10F205B',1,14,'2026-02-02'),
('VRDGNN87C20H501C',1,14,'2026-02-03'),

-- MARZO

('RSSMRA80A01H501U',2,4,'2022-03-10'),
('VRDLGI85B15F205X',2,4,'2022-03-12'),

('RSSMRA80A01H501U',2,5,'2023-03-15'),
('VRDLGI85B15F205X',2,5,'2023-03-17'),
('BNCMRA90C20D612Y',2,5,'2023-03-20'),

('RSSMRA80A01H501U',2,6,'2024-03-18'),
('VRDLGI85B15F205X',2,6,'2024-03-22'),
('BNCMRA90C20D612Y',2,6,'2024-03-25'),
('NRAGPP88F10A944L',2,6,'2024-03-28'),
('BLLGLI95F25H501F',2,15,'2025-03-10'),
('CNTMRA84G10F205G',2,15,'2025-03-12'),
('FRRSMN83H12H501H',2,15,'2025-03-18'),
('RSSLNZ89L01F205I',2,15,'2025-03-20'),
('DLLFNC86M14A944J',2,15,'2025-03-25'),
('NRAMRC90D15A944D',2,16,'2026-03-01'),
('FRRLRA93E18H501E',2,16,'2026-03-03'),
('BLLGLI95F25H501F',2,16,'2026-03-06'),

-- APRILE

('NRAGPP88F10A944L',3,7,'2022-04-10'),
('FRRNNA91D55H501P',3,7,'2022-04-15'),

('NRAGPP88F10A944L',3,8,'2023-04-12'),
('FRRNNA91D55H501P',3,8,'2023-04-18'),
('BLLMRC95G18H501A',3,8,'2023-04-22'),

('NRAGPP88F10A944L',3,9,'2024-04-14'),
('FRRNNA91D55H501P',3,9,'2024-04-18'),
('BLLMRC95G18H501A',3,9,'2024-04-20'),
('RSSMRA80A01H501U',3,9,'2024-04-26'),
('PRSGPP85N17F205K',3,17,'2025-04-06'),
('GRNLSA91P20H501L',3,17,'2025-04-12'),
('RSSLRA82A01H501A',3,17,'2025-04-18'),
('BNCLCU81B10F205B',3,17,'2025-04-22'),
('CNTMRA84G10F205G',3,18,'2026-04-01'),
('FRRSMN83H12H501H',3,18,'2026-04-03'),
('RSSLNZ89L01F205I',3,18,'2026-04-06'),

-- OTTOBRE

('VRDLGI85B15F205X',4,10,'2022-10-01'),
('BNCMRA90C20D612Y',4,10,'2022-10-05'),

('VRDLGI85B15F205X',4,11,'2023-10-03'),
('BNCMRA90C20D612Y',4,11,'2023-10-08'),
('RSSMRA80A01H501U',4,11,'2023-10-10'),

('VRDLGI85B15F205X',4,12,'2024-10-02'),
('BNCMRA90C20D612Y',4,12,'2024-10-05'),
('RSSMRA80A01H501U',4,12,'2024-10-10'),
('NRAGPP88F10A944L',4,12,'2024-10-20'),
('VRDGNN87C20H501C',4,19,'2025-10-01'),
('NRAMRC90D15A944D',4,19,'2025-10-03'),
('FRRLRA93E18H501E',4,19,'2025-10-05'),
('BLLGLI95F25H501F',4,19,'2025-10-07'),
('CNTMRA84G10F205G',4,19,'2025-10-10'),
('DLLFNC86M14A944J',4,20,'2026-10-01'),
('PRSGPP85N17F205K',4,20,'2026-10-04'),
('GRNLSA91P20H501L',4,20,'2026-10-08');